zip_code,city,county,bottles_sold,sales_dollars,margin,median_household_income,population
50002,ADAIR,Adair,498.0,4958.04,1663.48,45202.0,7682.0
50003,ADEL,Dallas,2918.0,38095.16,12734.43,67037.0,66135.0
50006,ALDEN,Hardin,640.0,10086.97,3369.97,44694.0,17534.0
50009,ALTOONA,Polk,17953.0,241028.59,80566.24,56094.0,430640.0
50010,AMES,Story,53617.0,772044.25,258178.25,48248.0,89542.0
50014,AMES,Story,3083.0,40206.1,13423.74,48248.0,89542.0
50020,ANITA,Cass,704.0,8716.27,2907.57,40820.0,13956.0
50021,ANKENY,Polk,26546.0,417794.83,140000.28,56094.0,430640.0
50022,ATLANTIC,Cass,6849.0,93176.8,31164.05,40820.0,13956.0
50023,ANKENY,Polk,12093.0,179657.93,60094.78,56094.0,430640.0
50025,AUDUBON,Audubon,1153.0,13559.58,4555.93,42717.0,6119.0
50028,BAXTER,Jasper,171.0,2189.34,731.48,46396.0,36842.0
50033,BEVINGTON,Madison,458.0,4582.04,1529.42,53183.0,15679.0
50035,BONDURANT,Polk,831.0,9664.23,3226.09,56094.0,430640.0
50036,BOONE,Boone,10573.0,141982.36,47756.71,49578.0,26306.0
50044,BUSSEY,Marion,384.0,1826.94,610.02,53370.0,33309.0
50046,CAMBRIDGE,Polk,121.0,1425.39,478.32,56094.0,430640.0
50047,CARLISLE,Warren,2140.0,25870.38,8920.7,62034.0,46225.0
50048,CASEY,Guthrie,420.0,4060.65,1354.17,50090.0,10954.0
50049,CHARITON,Lucas,2832.0,36768.2,12295.25,43005.0,8898.0
50054,COLFAX,Jasper,1177.0,12749.19,4264.17,46396.0,36842.0
50056,COLO,Story,300.0,3042.18,1014.42,48248.0,89542.0
50058,COON RAPIDS,Carroll,665.0,7828.1,2621.76,47507.0,20816.0
50060,CORYDON,Wayne,666.0,8603.63,2878.96,35425.0,6403.0
50061,Cumming,Warren,228.0,2217.48,739.8,62034.0,46225.0
50069,DE SOTO,Dallas,765.0,8153.96,2732.88,67037.0,66135.0
50071,DOWS,Wright,174.0,1821.3,610.02,44035.0,13229.0
50072,EARLHAM,Madison,261.0,2854.65,953.43,53183.0,15679.0
50075,ELLSWORTH,Hamilton,519.0,6228.02,2102.45,46188.0,15673.0
50076,EXIRA,Audubon,276.0,2869.68,960.06,42717.0,6119.0
50107,GRAND JUNCTION,Greene,292.0,2893.69,975.64,43286.0,9336.0
50109,GRANGER,Dallas,404.0,3770.35,1257.53,67037.0,66135.0
50111,GRIMES,Polk,8050.0,112407.2,37618.04,56094.0,430640.0
50112,GRINNELL,Poweshiek,7300.0,98587.54,32950.54,50998.0,18914.0
50115,GUTHRIE CENTER,Guthrie,678.0,7656.23,2560.42,50090.0,10954.0
50122,HUBBARD,Hardin,304.0,3876.58,1302.65,44694.0,17534.0
50123,HUMESTON,Wayne,306.0,2418.45,809.79,35425.0,6403.0
50124,HUXLEY,Story,717.0,9910.44,3314.36,48248.0,89542.0
50125,INDIANOLA,Warren,12687.0,155639.26,52271.6,62034.0,46225.0
50126,IOWA FALLS,Hardin,5873.0,86735.54,29002.31,44694.0,17534.0
50129,JEFFERSON,Greene,4051.0,58235.19,19685.4,43286.0,9336.0
50129,MARION,Linn,1275.0,13817.52,4623.28,53674.0,211226.0
50130,JEWELL,Hamilton,375.0,3763.24,1262.93,46188.0,15673.0
50131,JOHNSTON,Polk,10110.0,142980.64,47873.41,56094.0,430640.0
50135,KELLOGG,Jasper,325.0,2751.57,917.75,46396.0,36842.0
50136,KELLOG,Jasper,157.0,1472.67,491.14,46396.0,36842.0
50138,KNOXVILLE,Marion,6647.0,79306.6,26497.36,53370.0,33309.0
50140,LAMONI,Decatur,666.0,6878.97,2304.89,37138.0,8457.0
50142,LE GRAND,Marshall,561.0,6812.21,2278.73,45232.0,40648.0
50144,LEON,Decatur,758.0,8550.49,2859.8,37138.0,8457.0
50150,LOVILIA,Monroe,92.0,812.44,271.0,43245.0,7970.0
50156,MADRID,Boone,761.0,8566.47,2860.0,49578.0,26306.0
50158,MARSHALLTOWN,Marshall,20058.0,268486.95,89703.7,45232.0,40648.0
50160,MARTENSDALE,Warren,198.0,2233.98,745.02,62034.0,46225.0
50161,MAXWELL,Story,234.0,2594.4,878.52,48248.0,89542.0
50162,MELBOURNE,Marshall,62.0,890.1,296.74,45232.0,40648.0
50163,MELCHER-DALLAS,Marion,1015.0,13171.39,4394.53,53370.0,33309.0
50170,MONROE,Jasper,687.0,7218.66,2410.83,46396.0,36842.0
50171,MONTEZUMA,Poweshiek,1633.0,24135.73,8060.47,50998.0,18914.0
50201,NEVADA,Story,3594.0,38595.36,12899.51,48248.0,89542.0
50207,NEW SHARON,Mahaska,129.0,1656.08,552.21,45025.0,22381.0
50208,NEWTON,Jasper,10924.0,138972.17,46486.79,46396.0,36842.0
50210,NEW VIRGINIA,Warren,261.0,3041.03,1020.17,62034.0,46225.0
50211,NORWALK,Warren,4444.0,59553.66,19915.44,62034.0,46225.0
50212,OGDEN,Boone,682.0,7663.06,2562.38,49578.0,26306.0
50213,OSCEOLA,Clarke,4631.0,67068.36,22420.55,45596.0,9286.0
50216,PANORA,Guthrie,1579.0,19479.36,6513.89,50090.0,10954.0
50219,PELLA,Marion,6533.0,95412.93,31985.76,53370.0,33309.0
50220,PERRY,Boone,2228.0,27398.13,9156.83,49578.0,26306.0
50220,PERRY,Dallas,2150.0,25168.46,8406.1,67037.0,66135.0
50225,PLEASANTVILLE,Marion,733.0,6911.46,2309.64,53370.0,33309.0
50226,POLK CITY,Polk,2144.0,28483.79,9557.35,56094.0,430640.0
50228,PRAIRIE CITY,Jasper,311.0,2590.61,868.36,46396.0,36842.0
50240,ST CHARLES,Madison,231.0,2397.16,806.94,53183.0,15679.0
50244,SLATER,Story,391.0,4132.2,1380.16,48248.0,89542.0
50247,STATE CENTER,Iowa,301.0,3368.04,1125.08,,
50247,STATE CENTER,Marshall,85.0,907.92,302.79,45232.0,40648.0
50248,CLEAR LAKE,Cerro Gordo,428.0,5266.66,1759.44,44741.0,44151.0
50248,STORY CITY,Story,1643.0,16709.78,5591.61,48248.0,89542.0
50249,STRATFORD,Hamilton,288.0,4199.7,1402.78,46188.0,15673.0
50250,STUART,Adair,1654.0,18606.68,6217.93,45202.0,7682.0
50251,SULLY,Jasper,162.0,2091.12,697.2,46396.0,36842.0
50261,VAN METER,Dallas,240.0,1653.6,551.7,67037.0,66135.0
50263,WAUKEE,Dallas,10808.0,155693.4,52075.61,67037.0,66135.0
50265,WEST DES MOINES,Polk,29837.0,417801.8,139732.52,56094.0,430640.0
50266,URBANDALE,Polk,263.0,2968.25,995.92,56094.0,430640.0
50266,WEST DES MOINES,Dallas,10472.0,247417.42,83004.48,67037.0,66135.0
50266,WEST DES MOINES,Polk,19513.0,295088.54,98646.89,56094.0,430640.0
50273,WINTERSET,Madison,6010.0,75348.27,25358.9,53183.0,15679.0
50276,WOODWARD,Dallas,258.0,2560.53,859.68,67037.0,66135.0
50300,DES MOINES,Polk,1254.0,15324.35,5120.43,56094.0,430640.0
50309,DES MOINES,Polk,5078.0,31790.09,10616.97,56094.0,430640.0
50310,DES MOINES,Polk,20121.0,191106.04,63866.35,56094.0,430640.0
50311,DES MOINES,Polk,10767.0,109598.47,36627.17,56094.0,430640.0
50311,WINDSOR HEIGHTS,Polk,29708.0,480460.07,160504.35,56094.0,430640.0
50312,DES MOINES,Polk,8862.0,133462.12,44551.78,56094.0,430640.0
50313,DES MOINES,Polk,6207.0,56909.67,19010.07,56094.0,430640.0
50313,Des Moines,Polk,192.0,1853.06,618.04,56094.0,430640.0
50314,DES MOINES,Polk,72142.0,1065906.06,355628.2,56094.0,430640.0
50315,DES MOINES,Polk,27036.0,282989.55,94563.42,56094.0,430640.0
50316,DES MOINES,Polk,14613.0,129466.45,43220.15,56094.0,430640.0
50317,DES MOINES,Polk,29505.0,289865.14,96834.66,56094.0,430640.0
50317,PLEASANT HILL,Polk,5308.0,71645.44,23949.81,56094.0,430640.0
50320,DES MOINES,Polk,69398.0,1068200.95,356316.11,56094.0,430640.0
50321,DES MOINES,Polk,13641.0,189801.87,63763.76,56094.0,430640.0
50322,CLIVE,Polk,169.0,1529.4,510.44,56094.0,430640.0
50322,DES MOINES,Polk,1225.0,19088.23,6378.32,56094.0,430640.0
50322,URBANDALE,Polk,19684.0,271149.47,90554.49,56094.0,430640.0
50322,WINDSOR HEIGHTS,Polk,1993.0,28529.49,9522.99,56094.0,430640.0
50323,URBANDALE,Polk,741.0,8661.64,2895.5,56094.0,430640.0
50323,Urbandale,Polk,258.0,3187.54,1064.45,56094.0,430640.0
50324,WINDSOR HEIGHTS,Polk,1384.0,8161.2,2722.96,56094.0,430640.0
50325,CLIVE,Dallas,1239.0,18253.13,6105.85,67037.0,66135.0
50325,CLIVE,Polk,5262.0,58591.67,19573.13,56094.0,430640.0
50327,PLEASANT HILL,Polk,1490.0,20142.38,6809.04,56094.0,430640.0
50401,MASON CITY,Cerro Gordo,32406.0,396493.94,132844.28,44741.0,44151.0
50421,BELMOND,Wright,1460.0,18005.61,6021.84,44035.0,13229.0
50423,BRITT,Hancock,988.0,11825.21,3974.51,47318.0,11341.0
50424,BUFFALO CENTER,Winnebago,596.0,7338.96,2455.56,41871.0,10866.0
50428,CLEAR LAKE,Cerro Gordo,11284.0,160419.3,53599.38,44741.0,44151.0
50430,CORWITH,Hancock,163.0,2690.94,904.9,47318.0,11341.0
50435,FLOYD,Floyd,1016.0,15528.97,5197.19,39467.0,16303.0
50436,FOREST CITY,Winnebago,4404.0,56402.31,18848.15,41871.0,10866.0
50438,GARNER,Hancock,1495.0,15712.9,5288.86,47318.0,11341.0
50441,HAMPTON,Franklin,3833.0,48930.98,16407.1,44863.0,10680.0
50450,LAKE MILLS,Winnebago,1174.0,13190.53,4411.24,41871.0,10866.0
50452,LATIMER,Franklin,72.0,1033.02,345.54,44863.0,10680.0
50456,MANLY,Worth,278.0,2205.14,735.24,49673.0,7598.0
50458,NORA SPRINGS,Floyd,395.0,4288.75,1436.76,39467.0,16303.0
50459,NORTHWOOD,Worth,874.0,11226.05,3751.59,49673.0,7598.0
50459,Northwood,Worth,932.0,12309.75,4121.78,49673.0,7598.0
50461,OSAGE,Mitchell,2144.0,25308.91,8479.36,48506.0,10776.0
50466,RICEVILLE,Mitchell,183.0,2334.69,778.56,48506.0,10776.0
50469,ROCKWELL,Cerro Gordo,573.0,7721.08,2587.53,44741.0,44151.0
50472,ST ANSGAR,Mitchell,973.0,13262.11,4427.85,48506.0,10776.0
50475,SHEFFIELD,Franklin,312.0,2808.42,938.58,44863.0,10680.0
50483,WESLEY,Kossuth,1495.0,23243.51,7788.54,48277.0,15543.0
50501,FORT DODGE,Hardin,3564.0,51327.84,17193.48,44694.0,17534.0
50501,FORT DODGE,Webster,25237.0,327053.65,109818.69,40806.0,38013.0
50511,ALGONA,Kossuth,8315.0,114572.53,38553.11,48277.0,15543.0
50514,ARMSTRONG,Emmet,234.0,2116.44,705.9,42286.0,10302.0
50517,BANCROFT,Kossuth,2215.0,32827.2,10961.84,48277.0,15543.0
50525,CLARION,Wright,1109.0,12763.91,4270.81,44035.0,13229.0
50529,DAKOTA CITY,Humboldt,348.0,1972.92,658.62,45282.0,9815.0
50530,DAYTON,Webster,371.0,5514.88,1845.1,40806.0,38013.0
50533,EAGLE GROVE,Wright,2406.0,33728.14,11436.88,44035.0,13229.0
50535,EARLY,Sac,246.0,2447.58,821.1,42986.0,10350.0
50536,EMMETSBURG,Palo Alto,3465.0,47721.45,15945.69,42800.0,9421.0
50540,FONDA,Pocahontas,168.0,2077.8,692.82,42105.0,7310.0
50541,GILMORE CITY,Humboldt,198.0,1474.8,492.0,45282.0,9815.0
50542,GOLDFIELD,Wright,96.0,1026.24,347.88,44035.0,13229.0
50543,GOWRIE,Webster,764.0,10319.66,3449.6,40806.0,38013.0
50548,HUMBOLDT,Humboldt,3450.0,46305.98,15516.54,45282.0,9815.0
50554,LAURENS,Pocahontas,1025.0,10999.34,3688.62,42105.0,7310.0
50563,MANSON,Calhoun,964.0,13215.61,4418.52,41611.0,9670.0
50569,OTHO,Webster,246.0,1860.06,621.36,40806.0,38013.0
50574,POCAHONTAS,Pocahontas,1670.0,21527.77,7295.01,42105.0,7310.0
50579,ROCKWELL CITY,Calhoun,573.0,5340.18,1783.06,41611.0,9670.0
50581,ROLFE,Pocahontas,112.0,1566.34,522.3,42105.0,7310.0
50583,SAC CITY,Sac,2346.0,30392.64,10194.65,42986.0,10350.0
50585,SIOUX RAPIDS,Buena Vista,706.0,8555.53,2865.7,43182.0,20260.0
50588,STORM LAKE,Buena Vista,11669.0,163152.77,54545.28,43182.0,20260.0
50590,SWEA CITY,Kossuth,254.0,2877.23,959.68,48277.0,15543.0
50595,WEBSTER CITY,Hamilton,5888.0,70643.91,23784.53,46188.0,15673.0
50597,WEST BEND,Kossuth,719.0,10681.07,3562.92,48277.0,15543.0
50601,ACKLEY,Hardin,290.0,3279.11,1100.39,44694.0,17534.0
50601,ACKLEY,Webster,198.0,2602.0,867.59,40806.0,38013.0
50602,ALLISON,Butler,435.0,5253.07,1754.19,47702.0,14867.0
50602,DUMONT,Butler,294.0,3328.16,1121.93,47702.0,14867.0
50606,ARLINGTON,Fayette,251.0,2259.67,759.42,41055.0,20880.0
50613,CEDAR FALLS,Black Hawk,38473.0,515851.85,172554.57,44178.0,131090.0
50616,CHARLES CITY,Floyd,7759.0,101466.88,34003.32,39467.0,16303.0
50619,CLARKSVILLE,Butler,548.0,5740.33,1919.45,47702.0,14867.0
50621,CONRAD,Grundy,362.0,4888.28,1643.36,56184.0,12453.0
50622,DENVER,Bremer,888.0,10665.43,3592.42,55676.0,24276.0
50627,ELDORA,Hardin,1823.0,23201.93,7757.74,44694.0,17534.0
50628,ELMA,Howard,427.0,7437.02,2481.91,46068.0,9566.0
50629,FAIRBANK,Buchanan,354.0,4294.71,1446.16,51961.0,20958.0
50630,FREDERICKSBURG,Chickasaw,315.0,4154.49,1391.43,41372.0,12439.0
50635,GLADBROOK,Iowa,280.0,3213.47,1071.94,,
50636,GREENE,Butler,321.0,3939.16,1320.45,47702.0,14867.0
50638,GRUNDY CENTER,Grundy,1778.0,19998.99,6685.32,56184.0,12453.0
50641,HAZLETON,Buchanan,644.0,3370.78,1124.06,51961.0,20958.0
50643,HUDSON,Black Hawk,335.0,5035.37,1689.12,44178.0,131090.0
50644,INDEPENDENCE,Buchanan,6894.0,95229.77,31972.88,51961.0,20958.0
50647,CEDAR FALLS,Black Hawk,1482.0,17109.81,5714.74,44178.0,131090.0
50648,JESUP,Buchanan,552.0,7520.6,2517.28,51961.0,20958.0
50651,LA PORTE CITY,Black Hawk,942.0,11738.16,3940.85,44178.0,131090.0
50658,NASHUA,Chickasaw,376.0,4879.24,1629.04,41372.0,12439.0
50659,NEW HAMPTON,Chickasaw,1659.0,20978.6,7026.13,41372.0,12439.0
50662,OELWEIN,Fayette,5953.0,75280.95,25233.81,41055.0,20880.0
50665,PARKERSBURG,Butler,639.0,7255.65,2427.09,47702.0,14867.0
50667,RAYMOND,Black Hawk,545.0,6025.64,2009.45,44178.0,131090.0
50669,REINBECK,Grundy,288.0,3276.78,1100.34,56184.0,12453.0
50674,SUMNER,Bremer,632.0,9022.86,3011.02,55676.0,24276.0
50675,TRAER,Tama,927.0,9845.62,3283.76,46288.0,17767.0
50676,TRIPOLI,Bremer,1241.0,16586.7,5553.07,55676.0,24276.0
50677,WAVERLY,Bremer,9784.0,131042.58,43805.77,55676.0,24276.0
50680,WELLSBURG,Grundy,204.0,1570.8,528.54,56184.0,12453.0
50682,WINTHROP,Buchanan,340.0,4986.59,1665.62,51961.0,20958.0
50701,WATERLOO,Black Hawk,18546.0,216442.15,72309.24,44178.0,131090.0
50702,NEWTON,Webster,1610.0,13278.17,4429.15,40806.0,38013.0
50702,WASHBURN,Black Hawk,204.0,1864.14,625.74,44178.0,131090.0
50702,WATERLOO,Black Hawk,30246.0,366270.89,122440.43,44178.0,131090.0
50703,WATERLOO,Black Hawk,45965.0,393728.05,131439.98,44178.0,131090.0
50707,EVANSDALE,Black Hawk,3693.0,32827.46,10971.79,44178.0,131090.0
50707,WATERLOO,Black Hawk,2421.0,14286.79,4766.35,44178.0,131090.0
50801,CRESTON,Union,6266.0,89240.36,29844.73,40879.0,12534.0
50830,AFTON,Union,228.0,2723.76,912.48,40879.0,12534.0
50833,BEDFORD,Taylor,458.0,6130.51,2047.93,40300.0,6317.0
50841,CORNING,Adams,754.0,10245.14,3417.67,40368.0,4029.0
50846,FONTANELLE,Adair,421.0,6495.09,2165.7,45202.0,7682.0
50849,GREENFIELD,Adair,1207.0,13687.37,4573.78,45202.0,7682.0
50851,LENOX,Taylor,478.0,5635.38,1880.95,40300.0,6317.0
50854,MOUNT AYR,Ringgold,1069.0,15447.85,5163.41,42336.0,5131.0
50864,VILLISCA,Montgomery,101.0,1020.5,341.32,38624.0,10740.0
51001,AKRON,Plymouth,417.0,4315.29,1446.94,56379.0,24986.0
51002,ALTA,Buena Vista,171.0,1731.36,577.44,43182.0,20260.0
51004,ANTHON,Woodbury,808.0,9452.11,3161.35,44343.0,102172.0
51005,AURELIA,Cherokee,138.0,1502.82,508.26,44635.0,12072.0
51012,CHEROKEE,Cherokee,5572.0,66247.51,22202.15,44635.0,12072.0
51023,HAWARDEN,Sioux,1045.0,13500.68,4512.64,51557.0,33704.0
51025,HOLSTEIN,Ida,1542.0,23756.4,7934.49,44521.0,7089.0
51027,IRETON,Sioux,155.0,2438.71,813.16,51557.0,33704.0
51028,KINGSLEY,Plymouth,377.0,4294.86,1438.88,56379.0,24986.0
51031,LE MARS,Plymouth,3481.0,48725.64,16294.34,56379.0,24986.0
51031,LEMARS,Plymouth,5141.0,69876.2,23338.71,56379.0,24986.0
51034,MAPLETON,Monona,1633.0,22826.04,7642.2,41398.0,9243.0
51035,MARCUS,Cherokee,313.0,4020.39,1347.0,44635.0,12072.0
51038,MERRILL,Plymouth,64.0,531.96,177.32,56379.0,24986.0
51040,ONAWA,Monona,2695.0,30851.69,10308.65,41398.0,9243.0
51041,ORANGE CITY,Sioux,3209.0,46353.21,15676.64,51557.0,33704.0
51046,PAULLINA,O'Brien,732.0,8687.67,2911.25,44018.0,14398.0
51050,REMSEN,Plymouth,773.0,10120.82,3389.44,56379.0,24986.0
51053,SCHALLER,Sac,77.0,1056.37,352.27,42986.0,10350.0
51054,SERGEANT BLUFF,Woodbury,1904.0,23348.92,7808.61,44343.0,102172.0
51055,SLOAN,Woodbury,817.0,9311.36,3113.73,44343.0,102172.0
51058,SUTHERLAND,O'Brien,274.0,3193.5,1066.34,44018.0,14398.0
51101,SIOUX CITY,Woodbury,4431.0,56731.32,18932.11,44343.0,102172.0
51103,SIOUX CITY,Woodbury,15848.0,207910.07,69363.86,44343.0,102172.0
51104,SIOUX CITY,Woodbury,9691.0,128530.91,42938.59,44343.0,102172.0
51105,SIOUX CITY,Woodbury,9420.0,102145.65,34114.53,44343.0,102172.0
51106,SIOUX CITY,Woodbury,26802.0,375032.92,125324.96,44343.0,102172.0
51108,SIOUX CITY,Woodbury,5876.0,75185.31,25219.6,44343.0,102172.0
51109,SIOUX CITY,Woodbury,1139.0,12678.79,4233.84,44343.0,102172.0
51201,SHELDON,O'Brien,7092.0,100985.86,33727.51,44018.0,14398.0
51237,GEORGE,Lyon,287.0,4230.87,1413.23,49506.0,11581.0
51238,HOSPERS,Sioux,177.0,2015.45,675.04,51557.0,33704.0
51240,INWOOD,Lyon,707.0,9777.19,3270.0,49506.0,11581.0
51240,Inwood,Lyon,262.0,4219.35,1408.29,49506.0,11581.0
51241,LARCHWOOD,Lyon,1674.0,24203.26,8084.57,49506.0,11581.0
51245,PRIMGHAR,O'Brien,543.0,8596.51,2874.09,44018.0,14398.0
51246,ROCK RAPIDS,Lyon,2717.0,35984.52,12029.61,49506.0,11581.0
51247,ROCK VALLEY,Sioux,810.0,9541.14,3191.11,51557.0,33704.0
51248,SANBORN,O'Brien,533.0,6501.29,2168.63,44018.0,14398.0
51249,SIBLEY,Osceola,1729.0,24456.7,8180.4,43889.0,6462.0
51250,SIOUX CENTER,Sioux,4986.0,83665.13,27933.65,51557.0,33704.0
51301,SPENCER,Clay,11211.0,145044.24,48484.91,43542.0,16667.0
51331,ARNOLD'S PARK,Dickinson,581.0,10013.69,3342.18,50174.0,16667.0
51331,ARNOLDS PARK,Dickinson,2483.0,33109.97,11065.58,50174.0,16667.0
51334,ESTHERVILLE,Emmet,4219.0,55871.86,18816.58,42286.0,10302.0
51338,EVERLY,Clay,48.0,573.51,191.64,43542.0,16667.0
51342,GRAETTINGER,Palo Alto,424.0,5277.36,1761.66,42800.0,9421.0
51346,HARTLEY,O'Brien,1252.0,16749.22,5694.02,44018.0,14398.0
51347,LAKE PARK,Dickinson,272.0,3486.24,1167.36,50174.0,16667.0
51351,MILFORD,Dickinson,9687.0,136302.15,45487.24,50174.0,16667.0
51355,OKOBOJI,Dickinson,213.0,2799.69,933.72,50174.0,16667.0
51358,RUTHVEN,Palo Alto,236.0,2921.39,975.7,42800.0,9421.0
51360,SPIRIT LAKE,Dickinson,14357.0,203763.8,68051.76,50174.0,16667.0
51401,CARROLL,Carroll,16156.0,246738.41,82869.23,47507.0,20816.0
51442,DENISON,Crawford,8202.0,107462.8,36290.34,44377.0,17096.0
51443,GLIDDEN,Carroll,289.0,3135.99,1047.4,47507.0,20816.0
51445,IDA GROVE,Ida,2916.0,39134.42,13272.01,44521.0,7089.0
51449,LAKE CITY,Calhoun,840.0,9881.33,3304.77,41611.0,9670.0
51450,LAKE VIEW,Sac,1486.0,18332.83,6146.25,42986.0,10350.0
51453,LOHRVILLE,Calhoun,12.0,139.5,46.53,41611.0,9670.0
51455,MANNING,Carroll,850.0,11264.0,3764.6,47507.0,20816.0
51461,SCHLESWIG,Crawford,595.0,9918.29,3324.41,44377.0,17096.0
51462,SCRANTON,Greene,160.0,1370.6,457.1,43286.0,9336.0
51466,WALL LAKE,Sac,138.0,1712.64,573.12,42986.0,10350.0
51501,COUNCIL BLUFFS,Pottawattamie,42400.0,550668.41,183911.72,48728.0,93158.0
51503,COUNCIL BLUFFS,Pottawattamie,27833.0,393740.13,131502.16,48728.0,93158.0
51510,CARTER LAKE,Pottawattamie,1588.0,9611.41,3206.79,48728.0,93158.0
51521,AVOCA,Pottawattamie,2499.0,35254.69,11768.57,48728.0,93158.0
51526,CRESCENT,Pottawattamie,196.0,2109.99,706.43,48728.0,93158.0
51529,DUNLAP,Harrison,1021.0,15185.99,5067.98,51303.0,14928.0
51534,GLENWOOD,Mills,2595.0,30587.3,10226.39,59481.0,15059.0
51535,GRISWOLD,Cass,36.0,420.81,140.28,40820.0,13956.0
51537,HARLAN,Shelby,6620.0,92196.85,31016.58,44085.0,12167.0
51546,LOGAN,Harrison,604.0,7174.17,2403.1,51303.0,14928.0
51551,MALVERN,Mills,360.0,2311.44,771.18,59481.0,15059.0
51553,MINDEN,Pottawattamie,42.0,573.21,191.16,48728.0,93158.0
51555,MISSOURI VALLEY,Harrison,2124.0,23993.79,8026.11,51303.0,14928.0
51559,NEOLA,Pottawattamie,362.0,3945.26,1319.52,48728.0,93158.0
51560,OAKLAND,Pottawattamie,994.0,11142.82,3719.31,48728.0,93158.0
51561,PACIFIC JUNCTION,Mills,905.0,8963.81,2991.94,59481.0,15059.0
51566,RED OAK,Montgomery,5054.0,64992.27,21699.11,38624.0,10740.0
51575,TREYNOR,Pottawattamie,145.0,1755.27,586.69,48728.0,93158.0
51577,WALNUT,Pottawattamie,374.0,3995.56,1334.0,48728.0,93158.0
51579,WOODBINE,Harrison,536.0,6444.7,2151.64,51303.0,14928.0
51601,SHENANDOAH,Page,5162.0,67682.65,22724.45,40778.0,15932.0
51632,CLARINDA,Page,3233.0,42312.09,14152.57,40778.0,15932.0
51632,CORNING,Clayton,786.0,11880.54,3972.01,45873.0,18129.0
51640,HAMBURG,Fremont,314.0,2654.45,886.86,47225.0,7441.0
52001,DUBUQUE,Dubuque,37947.0,509390.44,170399.03,48573.0,93653.0
52001,Dubuque,Dubuque,1173.0,13643.47,4548.78,48573.0,93653.0
52002,DUBUQUE,Dubuque,14165.0,203140.82,68178.86,48573.0,93653.0
52003,DUBUQUE,Dubuque,6017.0,83605.9,27936.58,48573.0,93653.0
52031,BELLEVUE,Jackson,1842.0,23357.89,7806.34,42489.0,19848.0
52033,CASCADE,Dubuque,1158.0,15149.89,5091.05,48573.0,93653.0
52036,DELAWARE,Delaware,184.0,2301.62,779.54,47078.0,17764.0
52037,DELMAR,Clinton,219.0,1942.8,649.35,46170.0,49116.0
52040,DYERSVILLE,Dubuque,3699.0,49175.99,16587.22,48573.0,93653.0
52042,EDGEWOOD,Clayton,371.0,4914.12,1643.26,45873.0,18129.0
52043,ELKADER,Clayton,610.0,7649.77,2602.22,45873.0,18129.0
52046,FARLEY,Dubuque,246.0,2030.4,677.28,48573.0,93653.0
52052,GUTTENBERG,Clayton,1104.0,16292.88,5445.15,45873.0,18129.0
52052,GUTTENBURG,Clayton,717.0,10268.32,3425.31,45873.0,18129.0
52053,HOLY CROSS,Dubuque,470.0,6013.37,2007.11,48573.0,93653.0
52057,MANCHESTER,Delaware,2458.0,35252.94,11811.07,47078.0,17764.0
52060,MAQUOKETA,Jackson,7455.0,96018.78,32273.03,42489.0,19848.0
52068,PEOSTA,Dubuque,374.0,4370.69,1461.74,48573.0,93653.0
52076,STRAWBERRY POINT,Clayton,414.0,5319.84,1781.52,45873.0,18129.0
52079,ZWINGLE,Jackson,469.0,4598.41,1538.63,42489.0,19848.0
52084,DAVENPORT,Scott,4670.0,38364.56,12795.59,49964.0,165224.0
52087,MANCHESTER,Delaware,3076.0,41078.22,13720.78,47078.0,17764.0
52101,DECORAH,Winneshiek,8318.0,107971.83,36091.56,50693.0,21056.0
52136,CRESCO,Howard,5239.0,76135.96,25656.16,46068.0,9566.0
52142,FAYETTE,Fayette,891.0,10533.66,3542.82,41055.0,20880.0
52144,FORT ATKINSON,Winneshiek,697.0,10972.11,3660.59,50693.0,21056.0
52146,HARPERS FERRY,Allamakee,325.0,3221.71,1080.25,46623.0,14330.0
52151,LANSING,Allamakee,732.0,8060.58,2699.01,46623.0,14330.0
52154,LAWLER,Chickasaw,524.0,8854.04,2957.48,41372.0,12439.0
52159,MONONA,Clayton,1146.0,17912.42,5985.74,45873.0,18129.0
52162,POSTVILLE,Allamakee,291.0,2923.33,974.66,46623.0,14330.0
52166,ST LUCAS,Fayette,317.0,6810.42,2270.46,41055.0,20880.0
52172,WAUKON,Allamakee,4672.0,65712.85,22016.32,46623.0,14330.0
52175,WEST UNION,Fayette,1726.0,22542.23,7582.64,41055.0,20880.0
52205,ANAMOSA,Jones,4329.0,59075.74,19787.17,47955.0,20638.0
52207,BALDWIN,Jackson,260.0,2205.09,744.75,42489.0,19848.0
52208,BELLE PLAINE,Benton,2119.0,26818.34,8960.6,54726.0,26076.0
52211,BROOKLYN,Poweshiek,815.0,10971.37,3661.85,50998.0,18914.0
52213,CENTER POINT,Linn,707.0,8101.08,2715.61,53674.0,211226.0
52214,CENTRAL CITY,Linn,943.0,7906.47,2646.31,53674.0,211226.0
52223,DELHI,Delaware,23.0,224.91,74.99,47078.0,17764.0
52224,DYSART,Tama,354.0,3873.3,1294.86,46288.0,17767.0
52227,ELY,Linn,403.0,4140.64,1390.79,53674.0,211226.0
52228,FAIRFAX,Linn,358.0,3293.81,1098.4,53674.0,211226.0
52233,HIAWATHA,Linn,3666.0,29262.51,9765.6,53674.0,211226.0
52240,IOWA CITY,Johnson,65478.0,875829.95,292547.89,51380.0,130882.0
52241,CORALVILLE,Johnson,32155.0,528168.99,176341.98,51380.0,130882.0
52245,IOWA CITY,Johnson,3403.0,50263.27,16791.95,51380.0,130882.0
52246,IOWA CITY,Johnson,6904.0,94867.52,31734.33,51380.0,130882.0
52248,KEOTA,Keokuk,216.0,2054.85,686.16,42698.0,10511.0
52253,LISBON,Linn,752.0,8916.77,2996.38,53674.0,211226.0
52254,LOST NATION,Clinton,217.0,2555.05,852.1,46170.0,49116.0
52301,MARENGO,Iowa,2162.0,31323.68,10519.42,,
52302,MARION,Linn,17585.0,231598.5,77365.26,53674.0,211226.0
52303,CEDAR RAPIDS,Linn,957.0,7390.55,2465.91,53674.0,211226.0
52306,MECHANICSVILLE,Cedar,384.0,3256.5,1092.12,54321.0,18499.0
52310,MONTICELLO,Jones,3638.0,45018.63,15056.75,47955.0,20638.0
52314,MOUNT VERNON,Linn,13371.0,197214.47,65821.96,53674.0,211226.0
52314,MT VERNON,Linn,1261.0,16331.52,5445.14,53674.0,211226.0
52316,NORTH ENGLISH,Iowa,141.0,1301.32,434.08,,
52317,NORTH LIBERTY,Iowa,501.0,7558.07,2520.24,,
52317,NORTH LIBERTY,Johnson,8765.0,102891.12,34418.46,51380.0,130882.0
52324,PALO,Linn,354.0,3795.42,1268.7,53674.0,211226.0
52327,RIVERSIDE,Washington,1674.0,23694.15,7928.39,50710.0,21704.0
52328,ROBINS,Linn,6.0,90.0,30.0,53674.0,211226.0
52332,SHELLSBURG,Benton,813.0,8580.19,2869.33,54726.0,26076.0
52333,SOLON,Johnson,1417.0,19021.23,6351.16,51380.0,130882.0
52336,SPRINGVILLE,Linn,324.0,3820.14,1303.08,53674.0,211226.0
52337,STANWOOD,Cedar,132.0,472.08,157.56,54321.0,18499.0
52338,SWISHER,Johnson,1571.0,38446.84,12826.67,51380.0,130882.0
52340,TIFFIN,Johnson,873.0,8936.59,2989.58,51380.0,130882.0
52342,TOLEDO,Tama,3726.0,46551.62,15581.89,46288.0,17767.0
52345,URBANA,Benton,245.0,2265.65,759.07,54726.0,26076.0
52347,VICTOR,Poweshiek,389.0,4815.18,1611.7,50998.0,18914.0
52349,VINTON,Benton,2092.0,27670.01,9231.91,54726.0,26076.0
52351,WALFORD,Linn,85.0,1161.73,387.42,53674.0,211226.0
52352,WALKER,Linn,262.0,2512.82,842.66,53674.0,211226.0
52353,WASHINGTON,Washington,8860.0,120213.31,40133.29,50710.0,21704.0
52356,WELLMAN,Wapello,777.0,10487.18,3525.87,40093.0,35625.0
52358,WEST BRANCH,Cedar,690.0,7325.35,2458.58,54321.0,18499.0
52361,WILLIAMSBURG,Iowa,1995.0,27184.02,9112.84,,
52401,CEDAR RAPIDS,Linn,14150.0,239332.89,79818.7,53674.0,211226.0
52402,CEDAR RAPIDS,Linn,75492.0,979420.46,327428.12,53674.0,211226.0
52403,CEDAR RAPIDS,Linn,9436.0,124058.84,41520.43,53674.0,211226.0
52404,CEDAR RAPIDS,Linn,34023.0,381931.13,127670.82,53674.0,211226.0
52405,CEDAR RAPIDS,Linn,20574.0,223212.76,74560.52,53674.0,211226.0
52405,MEDIAPOLIS,Des Moines,177.0,1528.33,510.88,41937.0,40325.0
52411,CEDAR RAPIDS,Linn,6745.0,113193.97,37893.05,53674.0,211226.0
52501,OTTUMWA,Wapello,15003.0,193492.93,64840.3,40093.0,35625.0
52501,OTTUWMA,Wapello,4620.0,61929.58,20674.76,40093.0,35625.0
52531,ALBIA,Monroe,2190.0,28580.4,9564.65,43245.0,7970.0
52537,BLOOMFIELD,Davis,869.0,11152.82,3730.56,46597.0,8753.0
52544,CENTERVILLE,Appanoose,6041.0,70524.7,23566.42,34689.0,12887.0
52553,EDDYVILLE,Wapello,207.0,2858.44,954.95,40093.0,35625.0
52554,ELDON,Wapello,304.0,3206.83,1069.45,40093.0,35625.0
52556,FAIRFIELD,Jefferson,6085.0,83560.91,27896.95,44167.0,16843.0
52565,KEOSAUQUA,Van Buren,1044.0,15175.72,5069.98,40073.0,7570.0
52571,MORAVIA,Appanoose,378.0,6508.94,2172.88,34689.0,12887.0
52577,OSKALOOSA,Buchanan,2324.0,27677.41,9275.68,51961.0,20958.0
52577,OSKALOOSA,Mahaska,7675.0,96921.29,32412.93,45025.0,22381.0
52591,SIGOURNEY,Keokuk,1098.0,12823.11,4295.35,42698.0,10511.0
52601,BURLINGTON,Des Moines,22253.0,275559.85,92224.92,41937.0,40325.0
52623,DANVILLE,Des Moines,106.0,851.34,283.98,41937.0,40325.0
52625,DONNELLSON,Lee,174.0,2648.94,883.38,42444.0,35862.0
52626,FARMINGTON,Van Buren,191.0,2063.89,688.41,40073.0,7570.0
52627,FORT MADISON,Lee,9209.0,115166.56,38478.15,42444.0,35862.0
52632,KEOKUK,Lee,17240.0,245322.69,81898.55,42444.0,35862.0
52637,MEDIAPOLIS,Des Moines,763.0,10525.08,3510.48,41937.0,40325.0
52639,MONTROSE,Lee,258.0,1790.61,600.93,42444.0,35862.0
52641,MOUNT PLEASANT,Henry,6916.0,88708.7,29919.37,41983.0,20145.0
52641,MT PLEASANT,Henry,1812.0,27335.64,9133.92,41983.0,20145.0
52653,WAPELLO,Louisa,984.0,9826.81,3278.71,50457.0,11387.0
52655,BURLINGTON,Des Moines,2569.0,22987.63,7666.98,41937.0,40325.0
52655,WEST BURLINGTON,Des Moines,4980.0,70082.82,23470.68,41937.0,40325.0
52656,WEST POINT,Lee,1276.0,21106.32,7038.36,42444.0,35862.0
52722,BETTENDORF,Iowa,3011.0,43016.15,14385.27,,
52722,BETTENDORF,Scott,33959.0,522197.03,174335.32,49964.0,165224.0
52726,BLUE GRASS,Scott,794.0,8644.12,2888.92,49964.0,165224.0
52728,BUFFALO,Scott,432.0,4106.48,1375.66,49964.0,165224.0
52730,CAMANCHE,Clinton,1174.0,11899.99,3970.54,46170.0,49116.0
52732,CLINTON,Clinton,21479.0,265503.45,88658.75,46170.0,49116.0
52733,CLINTON,Clinton,2434.0,25621.55,8548.43,46170.0,49116.0
52738,COLUMBUS JUNCTION,Louisa,2587.0,15531.72,5183.2,50457.0,11387.0
52742,DEWITT,Clinton,2242.0,31029.4,10582.11,46170.0,49116.0
52747,DURANT,Cedar,667.0,7149.19,2389.84,54321.0,18499.0
52748,ELDRIDGE,Scott,3958.0,46016.09,15404.78,49964.0,165224.0
52751,GRAND MOUND,Clinton,259.0,2814.35,944.81,46170.0,49116.0
52753,LE CLAIRE,Scott,837.0,9479.6,3163.93,49964.0,165224.0
52753,LECLAIRE,Scott,3419.0,53228.87,17769.45,49964.0,165224.0
52761,MUSCATINE,Muscatine,20368.0,266817.46,89129.64,51025.0,42745.0
52768,PRINCETON,Scott,251.0,2199.21,733.35,49964.0,165224.0
52772,TIPTON,Cedar,2947.0,34386.92,11503.15,54321.0,18499.0
52776,WEST LIBERTY,Muscatine,1206.0,16654.56,5559.62,51025.0,42745.0
52777,WHEATLAND,Clinton,81.0,894.04,299.63,46170.0,49116.0
52778,WILTON,Muscatine,864.0,8824.96,2947.61,51025.0,42745.0
52802,DAVENPORT,Scott,15072.0,100179.48,33445.02,49964.0,165224.0
52803,DAVENPORT,Scott,14349.0,102703.04,34267.51,49964.0,165224.0
52804,DAVENPORT,Scott,33814.0,375470.88,125356.71,49964.0,165224.0
52806,DAVENPORT,Scott,16106.0,181948.52,60810.53,49964.0,165224.0
52807,DAVENPORT,Scott,39965.0,596547.82,199253.77,49964.0,165224.0
56201,BURLINGTON,Des Moines,276.0,4086.72,1362.78,41937.0,40325.0
